{
    "items": [
        {
            "height": 150,
            "object": "Obstacle",
            "rotation": 0,
            "scale": 1,
            "width": 20,
            "x": -59,
            "y": -61
        },
        {
            "height": 150,
            "object": "Obstacle",
            "rotation": 0,
            "scale": 1,
            "width": 20,
            "x": -59,
            "y": 89
        },
        {
            "height": 150,
            "object": "Obstacle",
            "rotation": 0,
            "scale": 1,
            "width": 20,
            "x": 49,
            "y": -59
        },
        {
            "height": 150,
            "object": "Obstacle",
            "rotation": 0,
            "scale": 1,
            "width": 20,
            "x": 49,
            "y": 91
        },
        {
            "height": 102,
            "object": "Obstacle",
            "rotation": 90,
            "scale": 1,
            "width": 20,
            "x": 111,
            "y": -100
        },
        {
            "height": 102,
            "object": "Obstacle",
            "rotation": 90,
            "scale": 1,
            "width": 20,
            "x": 112,
            "y": 180
        },
        {
            "height": 102,
            "object": "Obstacle",
            "rotation": 90,
            "scale": 1,
            "width": 20,
            "x": 333,
            "y": -100
        },
        {
            "height": 102,
            "object": "Obstacle",
            "rotation": -90,
            "scale": 1,
            "width": 20,
            "x": 332,
            "y": 26
        },
        {
            "height": 102,
            "object": "Obstacle",
            "rotation": 0,
            "scale": 1,
            "width": 20,
            "x": 373,
            "y": -37
        },
        {
            "height": 150,
            "object": "Obstacle",
            "rotation": 0,
            "scale": 1,
            "width": 20,
            "x": 270,
            "y": -60
        },
        {
            "height": 150,
            "object": "Obstacle",
            "rotation": 0,
            "scale": 1,
            "width": 20,
            "x": 270,
            "y": 91
        },
        {
            "object": "Robot",
            "rotation": 90,
            "x": 331,
            "y": -60
        },
        {
            "object": "Player",
            "rotation": 0,
            "x": 443,
            "y": 152
        }
    ]
}
